model_name,corpus,correct_labels,questions_without_guessing,accuracy
Google-News-300,3000000,70,79,0.8860759493670886
Wikipedia-300,999999,74,80,0.925
Glove-Wiki-300,400000,71,80,0.8875
Twitter-25,1193514,36,78,0.46153846153846156
Twitter-100,1193514,39,78,0.5
books-E50-W20,8153,11,26,0.4230769230769231
books-E300-W20,8153,14,26,0.5384615384615384
books-E50-W10,8153,11,26,0.4230769230769231
books-E300-W10,8153,12,26,0.46153846153846156